measureName,measureId,submissionMethod,measureType,standardDeviation,averagePerformanceRate,isToppedOut,isToppedOutByProgram,percentile1,percentile10,percentile20,percentile30,percentile40,percentile50,percentile60,percentile70,percentile80,percentile90,percentile99,isHighPriority,isInverse,metricType
Urinary Incontinence: Plan of Care for Urinary Incontinence in Women Aged 65 Years and Older,050,MIPS CQM,Process,21.504595651787717,83.59,No,No,6.45,50.0,73.61,79.8,85.06,90.08,97.1,100.0,100.0,100.0,100.0,Y,N,singlePerformanceRate
Advance Care Plan,047,Medicare Part B Claims,Process,0.0,100.00,Yes,Yes,100.0,100.0,100.0,100.0,100.0,100.0,100.0,100.0,100.0,100.0,100.0,Y,N,singlePerformanceRate
Advance Care Plan,047,MIPS CQM,Process,31.96438346946541,77.76,Yes,No,0.21,14.73,53.35,76.45,88.38,95.46,98.92,99.9,100.0,100.0,100.0,Y,N,singlePerformanceRate
Diabetic Retinopathy: Communication with the Physician Managing Ongoing Diabetes Care,019,eCQM,Process,20.30642217546605,80.91,No,No,9.52,50.425,69.495,77.945,83.6,88.36,91.36,93.98,96.55,98.755,100.0,Y,N,singlePerformanceRate
Screening for Osteoporosis for Women Aged 65-85 Years of Age,039,Medicare Part B Claims,Process,28.089389540164337,73.57,No,No,1.52,25.0,52.25,65.58,73.78,82.35,88.56,96.19,99.23,100.0,100.0,N,N,singlePerformanceRate
Screening for Osteoporosis for Women Aged 65-85 Years of Age,039,MIPS CQM,Process,31.498103022912932,57.90,No,No,0.25,6.71,21.97,42.31,54.66,63.26,71.2,81.2,89.66,97.98,100.0,N,N,singlePerformanceRate
Urinary Incontinence: Assessment of Presence or Absence of Urinary Incontinence in Women Aged 65 Years and Older,048,MIPS CQM,Process,22.546916330540604,88.33,Yes,Yes,3.44,52.94,82.64,93.16,98.05,99.585,100.0,100.0,100.0,100.0,100.0,N,N,singlePerformanceRate
Diabetic Retinopathy: Communication with the Physician Managing Ongoing Diabetes Care,019,MIPS CQM,Process,16.506421976348623,94.72,Yes,Yes,4.44,88.3,97.83,100.0,100.0,100.0,100.0,100.0,100.0,100.0,100.0,Y,N,singlePerformanceRate
Appropriate Treatment for Upper Respiratory Infection (URI),065,eCQM,Process,14.401583705015145,89.51,No,No,26.42,72.32,84.35,88.94,91.74,94.29,96.32,97.96,99.32,100.0,100.0,Y,N,singlePerformanceRate
Chronic Obstructive Pulmonary Disease (COPD): Long-Acting Inhaled Bronchodilator Therapy,052,MIPS CQM,Process,11.936546133607225,96.36,Yes,Yes,11.64,88.67,96.55,100.0,100.0,100.0,100.0,100.0,100.0,100.0,100.0,N,N,singlePerformanceRate
Appropriate Treatment for Upper Respiratory Infection (URI),065,MIPS CQM,Process,10.281481377656132,94.37,Yes,No,52.69,88.37,92.62,94.92,96.12,97.235,98.27,98.9,99.45,100.0,100.0,Y,N,singlePerformanceRate
Communication with the Physician or Other Clinician Managing On-Going Care Post-Fracture for Men and Women Aged 50 Years and Older,024,MIPS CQM,Process,26.654766570121527,80.77,No,No,0.6,44.35,68.11,77.78,84.66,91.595,96.95,100.0,100.0,100.0,100.0,Y,N,singlePerformanceRate
Diabetes: Eye Exam,117,eCQM,Process,38.2830353922822,59.95,No,No,0.5,6.33,16.145,27.25,41.085,65.67,93.57,98.46,99.66,100.0,100.0,N,N,singlePerformanceRate
Breast Cancer Screening,112,eCQM,Process,26.74663284133065,53.86,No,No,0.2,8.285,28.46,42.76,52.415,59.79,65.64,71.43,77.12,84.56,98.7,N,N,singlePerformanceRate
"Diabetes Mellitus: Diabetic Foot and Ankle Care, Peripheral Neuropathy - Neurological Evaluation",126,MIPS CQM,Process,28.692622106684357,83.38,Yes,Yes,0.81,27.92,66.365,88.765,98.31,100.0,100.0,100.0,100.0,100.0,100.0,N,N,singlePerformanceRate
Breast Cancer Screening,112,MIPS CQM,Process,26.45686489664143,68.94,No,No,0.43,29.74,49.39,58.09,67.09,75.155,79.61,86.36,94.06,100.0,100.0,N,N,singlePerformanceRate
Avoidance of Antibiotic Treatment for Acute Bronchitis/Bronchiolitis,116,MIPS CQM,Process,14.00281257153112,89.97,No,No,36.11,76.32,86.05,89.25,92.7,94.26,95.89,97.64,98.61,100.0,100.0,Y,N,singlePerformanceRate
Preventive Care and Screening: Body Mass Index (BMI) Screening and Follow-Up Plan,128,MIPS CQM,Process,25.65702714348213,85.84,Yes,Yes,1.2,39.83,75.1,91.89,98.32,99.76,100.0,100.0,100.0,100.0,100.0,N,N,singlePerformanceRate
"Diabetes Mellitus: Diabetic Foot and Ankle Care, Ulcer Prevention - Evaluation of Footwear",127,MIPS CQM,Process,23.506009001591867,89.34,Yes,Yes,0.95,54.07,87.7,97.92,100.0,100.0,100.0,100.0,100.0,100.0,100.0,N,N,singlePerformanceRate
Coronary Artery Disease (CAD): Angiotensin-Converting Enzyme (ACE) Inhibitor or Angiotensin Receptor Blocker (ARB) Therapy - Diabetes or Left Ventricular Systolic Dysfunction (LVEF ≤ 40%),118,MIPS CQM,Process,13.113806011691626,86.88,No,No,37.29,73.74,78.15,81.97,85.23,88.1,91.58,97.78,100.0,100.0,100.0,N,N,singlePerformanceRate
Colorectal Cancer Screening,113,MIPS CQM,Process,26.179917556941923,70.98,No,No,1.16,31.78,51.58,62.56,70.31,77.02,84.19,88.32,94.6,99.55,100.0,N,N,singlePerformanceRate
Breast Cancer Screening,112,Medicare Part B Claims,Process,26.9048486626315,80.07,No,No,2.25,34.04,67.92,75.86,84.1,92.19,95.88,98.66,100.0,100.0,100.0,N,N,singlePerformanceRate
Diabetes: Eye Exam,117,MIPS CQM,Process,17.457949259482717,93.63,Yes,Yes,10.26,80.0,96.46,99.21,100.0,100.0,100.0,100.0,100.0,100.0,100.0,N,N,singlePerformanceRate
Colorectal Cancer Screening,113,Medicare Part B Claims,Process,0.0,100.00,Yes,Yes,100.0,100.0,100.0,100.0,100.0,100.0,100.0,100.0,100.0,100.0,100.0,N,N,singlePerformanceRate
Colorectal Cancer Screening,113,eCQM,Process,28.94445433023526,49.52,No,No,0.1,2.855,18.475,32.98,44.1,53.975,62.7,69.68,76.64,85.43,98.93,N,N,singlePerformanceRate
Nuclear Medicine: Correlation with Existing Imaging Studies for All Patients Undergoing Bone Scintigraphy,147,Medicare Part B Claims,Process,0.0,100.00,Yes,Yes,100.0,100.0,100.0,100.0,100.0,100.0,100.0,100.0,100.0,100.0,100.0,Y,N,singlePerformanceRate
Oncology: Medical and Radiation - Pain Intensity Quantified,143,eCQM,Process,28.07660462547429,83.70,Yes,Yes,2.12,24.05,77.95,90.65,94.63,96.72,98.06,98.74,99.38,99.96,100.0,Y,N,singlePerformanceRate
Nuclear Medicine: Correlation with Existing Imaging Studies for All Patients Undergoing Bone Scintigraphy,147,MIPS CQM,Process,9.167711104688761,97.98,Yes,Yes,46.56,98.28,100.0,100.0,100.0,100.0,100.0,100.0,100.0,100.0,100.0,Y,N,singlePerformanceRate
Falls: Plan of Care,155,MIPS CQM,Process,12.41568791625852,96.68,Yes,Yes,18.29,93.06,99.82,100.0,100.0,100.0,100.0,100.0,100.0,100.0,100.0,Y,N,singlePerformanceRate
Falls: Plan of Care,155,Medicare Part B Claims,Process,0.0,100.00,Yes,Yes,100.0,100.0,100.0,100.0,100.0,100.0,100.0,100.0,100.0,100.0,100.0,Y,N,singlePerformanceRate
Tuberculosis Screening Prior to First Course of Biologic and/or Immune Response Modifier Therapy,176,MIPS CQM,Process,19.379252108394226,89.76,Yes,Yes,18.63,67.39,81.82,91.23,98.36,100.0,100.0,100.0,100.0,100.0,100.0,N,N,singlePerformanceRate
Oncology: Medical and Radiation - Plan of Care for Pain,144,MIPS CQM,Process,23.111161966193198,87.04,Yes,No,7.89,56.68,83.78,90.52,94.59,97.085,98.91,99.8,100.0,100.0,100.0,Y,N,singlePerformanceRate
Rheumatoid Arthritis (RA): Periodic Assessment of Disease Activity,177,MIPS CQM,Process,19.126190102821198,88.04,Yes,Yes,6.62,64.81,77.94,86.71,92.09,97.9,99.62,100.0,100.0,100.0,100.0,N,N,singlePerformanceRate
Weight Assessment and Counseling for Nutrition and Physical Activity for Children/Adolescents,239,eCQM,Process,18.791274792598372,40.59,No,No,2.62,23.33,28.33,30.86,32.41,34.04,38.2,45.05,54.26,68.78,95.06,N,N,multiPerformanceRate
Functional Status Change for Patients with Shoulder Impairments,221,MIPS CQM,Patient-Reported Outcome-Based Performance Measure (PRO-PM),22.459948027071288,71.47,No,No,27.59,42.22,48.98,58.18,62.76,71.11,76.25,92.59,100.0,100.0,100.0,Y,N,singlePerformanceRate
Preventive Care and Screening: Tobacco Use: Screening and Cessation Intervention,226,MIPS CQM,Process,31.650604612569968,73.36,No,No,3.23,18.3,38.24,61.7,78.57,88.315,95.65,99.74,100.0,100.0,100.0,N,N,multiPerformanceRate
Use of High-Risk Medications in Older Adults,238,MIPS CQM,Process,7.651419295978634,1.49,Yes,Yes,0.0,0.0,0.0,0.0,0.0,0.0,0.0,0.0,0.17,1.73,33.33,Y,Y,multiPerformanceRate
Controlling High Blood Pressure,236,eCQM,Intermediate Outcome,17.983639255427022,63.88,No,No,3.85,42.0,52.42,58.33,62.89,66.42,69.83,73.37,77.47,83.33,98.67,Y,N,singlePerformanceRate
Controlling High Blood Pressure,236,Medicare Part B Claims,Intermediate Outcome,18.561316152143732,76.33,No,No,1.0,10.0,20.0,30.0,40.0,50.0,60.0,70.0,80.0,90.0,99.0,Y,N,singlePerformanceRate
Childhood Immunization Status,240,eCQM,Process,18.115059432448284,25.53,No,No,1.0,4.76,7.84,12.16,16.67,22.61,28.17,35.48,42.18,50.0,73.77,N,N,singlePerformanceRate
"Functional Status Change for Patients with Elbow, Wrist or Hand Impairments",222,MIPS CQM,Patient-Reported Outcome-Based Performance Measure (PRO-PM),18.4336437131637,73.37,No,No,23.81,50.0,57.14,61.54,67.86,74.93,78.71,82.76,94.44,100.0,100.0,Y,N,singlePerformanceRate
Preventive Care and Screening: Tobacco Use: Screening and Cessation Intervention,226,eCQM,Process,31.512630290708092,59.25,No,No,1.92,13.7,25.0,36.92,50.0,62.5,74.95,85.75,93.34,98.44,100.0,N,N,multiPerformanceRate
Functional Status Change for Patients with Low Back Impairments,220,MIPS CQM,Patient-Reported Outcome-Based Performance Measure (PRO-PM),21.560300707008462,74.02,No,No,29.71,45.98,53.02,58.18,67.97,75.3,81.36,93.55,100.0,100.0,100.0,Y,N,singlePerformanceRate
Controlling High Blood Pressure,236,MIPS CQM,Intermediate Outcome,20.105307076435277,71.26,No,No,1.0,10.0,20.0,30.0,40.0,50.0,60.0,70.0,80.0,90.0,99.0,Y,N,singlePerformanceRate
Use of High-Risk Medications in Older Adults,238,eCQM,Process,6.2220238838306985,5.10,Yes,Yes,0.0,0.0,0.0,0.13,1.31,3.17,4.8,6.9,9.56,13.43,24.67,Y,Y,multiPerformanceRate
Child and Adolescent Major Depressive Disorder (MDD): Suicide Risk Assessment,382,eCQM,Process,31.765420463583677,39.11,No,No,0.46,2.27,5.81,13.53,20.62,34.88,46.94,59.68,67.95,88.09,100.0,Y,N,singlePerformanceRate
Closing the Referral Loop: Receipt of Specialist Report,374,MIPS CQM,Process,23.583173483331272,88.68,Yes,Yes,4.76,47.9,85.66,96.43,100.0,100.0,100.0,100.0,100.0,100.0,100.0,Y,N,singlePerformanceRate
Follow-Up Care for Children Prescribed ADHD Medication (ADD),366,eCQM,Process,20.53489606524115,32.75,No,No,3.23,7.92,17.14,21.28,22.73,26.09,36.9,37.76,47.06,70.64,80.85,N,N,multiPerformanceRate
Adherence to Antipsychotic Medications For Individuals with Schizophrenia,383,MIPS CQM,Intermediate Outcome,19.584185657237395,94.09,No,No,6.25,93.75,94.34,99.34,100.0,100.0,100.0,100.0,100.0,100.0,100.0,Y,N,singlePerformanceRate
Children Who Have Dental Decay or Cavities,378,eCQM,Outcome,26.747750960194228,28.68,No,No,0.0,0.0,0.9,3.64,9.19,29.01,34.33,45.09,48.63,66.06,79.07,Y,Y,singlePerformanceRate
Optimizing Patient Exposure to Ionizing Radiation: Count of Potential High Dose Radiation Imaging Studies: Computed Tomography (CT) and Cardiac Nuclear Medicine Studies,360,MIPS CQM,Process,19.761572942304703,91.28,Yes,Yes,0.07,73.26,82.6,99.58,100.0,100.0,100.0,100.0,100.0,100.0,100.0,Y,N,singlePerformanceRate
Optimizing Patient Exposure to Ionizing Radiation: Appropriateness: Follow-up CT Imaging for Incidentally Detected Pulmonary Nodules According to Recommended Guidelines,364,MIPS CQM,Process,27.677567147990533,84.76,Yes,Yes,1.75,36.36,63.32,98.07,100.0,100.0,100.0,100.0,100.0,100.0,100.0,Y,N,singlePerformanceRate
Depression Remission at Twelve Months,370,eCQM,Outcome,12.058987708116337,12.33,No,No,0.4785,2.0755,3.4965,4.9635,6.9307,8.9458,10.885,14.0,18.1609,25.0,54.0984,Y,N,multiPerformanceRate
Closing the Referral Loop: Receipt of Specialist Report,374,eCQM,Process,28.180815230841404,45.63,No,No,0.73,8.33,18.61,27.38,35.17,43.02,51.3,60.19,72.09,89.29,100.0,Y,N,singlePerformanceRate
"Primary Caries Prevention Intervention as Offered by Primary Care Providers, including Dentists",379,eCQM,Process,6.955183495821314,4.37,No,No,0.01,0.05,0.235,0.49,0.995,1.73,3.12,4.58,6.94,11.03,33.74,N,N,singlePerformanceRate
Functional Status Assessment for Total Hip Replacement,376,eCQM,Process,18.38942435804718,17.04,No,No,0.51,1.3,2.45,7.065,9.92,11.68,14.115,18.375,25.37,43.085,98.33,Y,N,singlePerformanceRate
Immunizations for Adolescents,394,MIPS CQM,Process,20.438823361645987,30.75,No,No,1.06,10.96,15.79,20.0,23.08,26.67,30.56,33.55,40.0,53.85,100.0,N,N,multiPerformanceRate
Lung Cancer Reporting (Biopsy/Cytology Specimens),395,MIPS CQM,Process,2.2386138851793356,99.59,Yes,Yes,87.5,100.0,100.0,100.0,100.0,100.0,100.0,100.0,100.0,100.0,100.0,Y,N,singlePerformanceRate
Lung Cancer Reporting (Biopsy/Cytology Specimens),395,Medicare Part B Claims,Process,1.510684697072241,99.71,Yes,Yes,88.37,100.0,100.0,100.0,100.0,100.0,100.0,100.0,100.0,100.0,100.0,Y,N,singlePerformanceRate
Adult Primary Rhegmatogenous Retinal Detachment Surgery: No Return to the Operating Room Within 90 Days of Surgery,384,MIPS CQM,Outcome,9.054155983107911,93.14,Yes,Yes,67.57,79.17,84.0,90.48,95.83,97.62,99.35,100.0,100.0,100.0,100.0,Y,N,singlePerformanceRate
Adult Primary Rhegmatogenous Retinal Detachment Surgery: Visual Acuity Improvement Within 90 Days of Surgery,385,MIPS CQM,Outcome,21.03280240821125,55.95,No,No,10.87,22.31,34.55,53.27,56.63,58.945,62.68,65.2,70.21,75.0,100.0,Y,N,singlePerformanceRate
Cataract Surgery: Difference Between Planned and Final Refraction,389,MIPS CQM,Outcome,32.43870674685186,71.10,No,No,0.32,18.32,41.04,51.25,66.8,89.5,96.34,99.01,100.0,100.0,100.0,Y,N,singlePerformanceRate
Lung Cancer Reporting (Resection Specimens),396,MIPS CQM,Process,2.8575672328164425,99.74,Yes,Yes,96.92,100.0,100.0,100.0,100.0,100.0,100.0,100.0,100.0,100.0,100.0,Y,N,singlePerformanceRate
Psoriasis: Clinical Response to Systemic Medications,410,MIPS CQM,Outcome,21.253949546794676,88.35,No,No,11.11,55.06,79.03,91.53,97.56,100.0,100.0,100.0,100.0,100.0,100.0,Y,N,singlePerformanceRate
Appropriate Follow-up Imaging for Incidental Abdominal Lesions,405,MIPS CQM,Process,36.693962415194875,78.55,Yes,Yes,0.96,8.72,31.965,98.38,100.0,100.0,100.0,100.0,100.0,100.0,100.0,Y,N,singlePerformanceRate
Appropriate Follow-up Imaging for Incidental Thyroid Nodules in Patients,406,MIPS CQM,Process,11.458048040637015,3.73,Yes,Yes,0.0,0.0,0.0,0.0,0.0,0.0,0.0,0.0,2.27,12.5,60.0,Y,Y,singlePerformanceRate
Appropriate Follow-up Imaging for Incidental Thyroid Nodules in Patients,406,Medicare Part B Claims,Process,9.02352249383362,3.87,Yes,No,0.0,0.0,0.0,0.0,0.0,0.0,0.0,0.0,3.7,14.29,40.0,Y,Y,singlePerformanceRate
Melanoma Reporting,397,MIPS CQM,Process,10.255135002994754,97.80,Yes,Yes,36.705,97.815,100.0,100.0,100.0,100.0,100.0,100.0,100.0,100.0,100.0,Y,N,singlePerformanceRate
Appropriate Follow-up Imaging for Incidental Abdominal Lesions,405,Medicare Part B Claims,Process,40.01242220393431,54.10,No,No,0.47,4.08,6.67,16.92,26.92,57.14,76.71,97.01,100.0,100.0,100.0,Y,N,singlePerformanceRate
Melanoma Reporting,397,Medicare Part B Claims,Process,1.4321570670615367,99.70,Yes,Yes,92.94,100.0,100.0,100.0,100.0,100.0,100.0,100.0,100.0,100.0,100.0,Y,N,singlePerformanceRate
Optimal Asthma Control,398,MIPS CQM,Outcome,41.10883032989916,61.02,No,No,0.15,3.34,4.38,29.91,56.125,76.01,95.015,98.82,100.0,100.0,100.0,Y,N,multiPerformanceRate
Tobacco Use and Help with Quitting Among Adolescents,402,MIPS CQM,Process,11.2523609851979,95.18,Yes,Yes,40.0,83.78,94.41,97.86,99.4,100.0,100.0,100.0,100.0,100.0,100.0,N,N,singlePerformanceRate
Anesthesiology Smoking Abstinence,404,MIPS CQM,Intermediate Outcome,20.948071697187657,72.72,No,No,7.7,41.38,59.25,66.67,73.175,77.27,80.16,85.48,91.27,96.45,100.0,Y,N,singlePerformanceRate
One-Time Screening for Hepatitis C Virus (HCV) for all Patients,400,MIPS CQM,Process,39.950494831540205,27.29,No,No,0.04,0.2,0.54,1.01,1.86,3.29,5.42,25.0,95.96,100.0,100.0,N,N,singlePerformanceRate
Overuse of Imaging for the Evaluation of Primary Headache,419,MIPS CQM,Process,4.599434835309264,1.27,Yes,Yes,0.0,0.0,0.0,0.0,0.0,0.0,0.0,0.0,0.76,2.93,26.47,Y,Y,singlePerformanceRate
Emergency Medicine: Emergency Department Utilization of CT for Minor Blunt Head Trauma for Patients Aged 2 Through 17 Years,416,MIPS CQM,Efficiency,9.475701666343998,5.92,No,No,0.0,0.0,0.0,0.0,0.0,2.8,4.17,7.69,9.52,18.03,37.5,Y,Y,singlePerformanceRate
Osteoporosis Management in Women Who Had a Fracture,418,MIPS CQM,Process,25.876061495841775,25.03,No,No,1.04,5.45,9.09,12.03,14.95,16.0,18.18,22.64,32.14,58.33,100.0,N,N,singlePerformanceRate
Perioperative Temperature Management,424,MIPS CQM,Outcome,2.7481856091116668,99.14,Yes,Yes,84.46,98.41,99.46,99.89,99.97,99.99,100.0,100.0,100.0,100.0,100.0,Y,N,singlePerformanceRate
Prevention of Post-Operative Nausea and Vomiting (PONV) - Combination Therapy,430,MIPS CQM,Process,3.735964957386626,98.80,Yes,Yes,83.13,96.13,99.15,99.74,99.89,99.955,100.0,100.0,100.0,100.0,100.0,Y,N,singlePerformanceRate
Emergency Medicine: Emergency Department Utilization of CT for Minor Blunt Head Trauma for Patients Aged 18 Years and Older,415,MIPS CQM,Efficiency,3.4612803732194095,97.75,Yes,Yes,80.56,93.75,96.11,96.91,98.12,99.365,100.0,100.0,100.0,100.0,100.0,Y,N,singlePerformanceRate
Preventive Care and Screening: Unhealthy Alcohol Use: Screening & Brief Counseling,431,MIPS CQM,Process,30.232862930024503,71.92,No,No,1.19,23.49,43.48,59.02,73.61,84.24,91.2,96.49,99.9,100.0,100.0,N,N,multiPerformanceRate
Appropriate Use of DXA Scans in Women Under 65 Years Who Do Not Meet the Risk Factor Profile for Osteoporotic Fracture,472,eCQM,Process,2.549529439618,1.10,Yes,Yes,0.0,0.0,0.0,0.0,0.0,0.0,0.0,0.0,1.96,4.08,11.48,Y,Y,singlePerformanceRate
Multimodal Pain Management,477,MIPS CQM,Process,9.551577937846549,95.29,Yes,Yes,43.18,85.19,93.87,96.69,98.25,99.25,99.78,99.97,100.0,100.0,100.0,Y,N,singlePerformanceRate
HIV Screening,475,eCQM,Process,15.680681891094297,21.46,No,No,0.13,4.59,8.64,12.32,15.33,18.26,21.87,26.18,32.09,41.81,77.48,N,N,singlePerformanceRate
Functional Status Change for Patients with Neck Impairments,478,MIPS CQM,Patient-Reported Outcome-Based Performance Measure (PRO-PM),21.713114408715047,65.24,No,No,22.58,34.865,48.81,56.01,58.27,62.755,69.22,73.87,87.845,100.0,100.0,Y,N,singlePerformanceRate
Skin Cancer: Biopsy Reporting Time - Clinician to Patient,AAD6,QCDR Measure,Process,17.501363129529707,94.45,Yes,Yes,3.95,92.22,97.2,98.32,99.03,99.79,100.0,100.0,100.0,100.0,100.0,Y,N,registrySinglePerformanceRate
Psoriasis: Screening for Psoriatic Arthritis,AAD7,QCDR Measure,Process,16.883992736926444,90.21,Yes,Yes,0.45,67.27,87.0,90.91,94.44,96.595,98.8,99.73,100.0,100.0,100.0,Y,N,registrySinglePerformanceRate
Medication Prescribed For Acute Migraine Attack,AAN5,QCDR Measure,Process,21.146308027485016,77.53,No,No,0.59,62.5,73.74,78.13,79.845,81.52,83.26,85.9,89.96,95.61,98.25,N,N,registrySinglePerformanceRate
Exercise and Appropriate Physical Activity Counseling for Patients with MS,AAN8,QCDR Measure,Process,17.99533537494973,80.48,No,No,30.3,53.03,70.64,76.32,78.63,85.71,90.11,92.54,95.79,97.18,100.0,N,N,registrySinglePerformanceRate
Age-Related Hearing Loss: Comprehensive Audiometric Evaluation,AAO16,QCDR Measure,Process,11.677787941458512,91.57,Yes,Yes,45.96,73.29,86.16,91.27,94.44,96.77,97.15,99.32,100.0,100.0,100.0,Y,N,registrySinglePerformanceRate
Tympanostomy Tubes: Comprehensive Audiometric Evaluation,AAO20,QCDR Measure,Process,30.017905029054468,74.14,No,No,10.92,20.38,49.0,63.04,85.725,91.17,93.445,94.44,96.025,99.36,100.0,N,N,registrySinglePerformanceRate
Allergic Rhinitis: Intranasal Corticosteroids or Oral Antihistamines,AAO23,QCDR Measure,Process,25.011888270888896,64.08,No,No,8.9,24.46,39.03,54.02,63.37,70.36,77.65,80.27,87.06,94.7,100.0,N,N,registrySinglePerformanceRate
ED Median Time from ED arrival to ED departure for all Pediatric ED Patients,ACEP51,QCDR Measure,Outcome,34.81771690753029,133.49,No,No,22.0,89.0,111.0,117.0,123.0,129.0,140.0,146.0,157.0,183.0,236.0,Y,Y,nonProportion
Appropriate Foley catheter use in the emergency department,ACEP31,QCDR Measure,Process,17.298324044162257,75.79,No,No,29.73,59.045,64.54,66.825,68.68,76.465,82.775,84.995,90.76,98.99,100.0,Y,N,registrySinglePerformanceRate
ED Median Time from ED arrival to ED departure for all Adult Patients,ACEP50,QCDR Measure,Outcome,49.214224608807505,187.34,No,No,60.0,133.0,157.0,165.0,170.0,181.0,189.0,203.0,222.5,242.0,319.0,Y,Y,nonProportion
Emergency Department Utilization of CT for Minor Blunt Head Trauma for Patients Aged 2 Through 17 Years,ACEP55,QCDR Measure,Process,20.04744667721708,57.14,No,No,20.0,25.405,43.67,45.49,48.21,61.93,65.31,69.485,75.21,78.57,100.0,Y,N,registrySinglePerformanceRate
Tobacco Use: Screening and Cessation Intervention for Patients with Asthma and COPD,ACEP25,QCDR Measure,Process,18.096321137061317,83.57,No,No,6.8,62.76,75.6,80.08,83.38,88.015,91.53,94.84,97.46,98.94,99.44,N,N,registrySinglePerformanceRate
Appropriate Emergency Department Utilization of Lumbar Spine Imaging for Atraumatic Low Back Pain,ACEP52,QCDR Measure,Process,11.895962092897163,81.56,No,No,51.86,67.18,72.28,74.89,77.98,80.33,81.25,84.38,100.0,100.0,100.0,Y,N,registrySinglePerformanceRate
Syncope – Avoidance of admission for adult patients with low-risk syncope,ACEP60,QCDR Measure,Outcome,7.487733398602772,88.26,No,No,68.1,76.83,82.78,84.24,87.77,89.76,91.89,93.33,94.72,96.51,100.0,Y,N,registrySinglePerformanceRate
Chest Pain – Avoidance of admission for adult patients with low-risk chest pain.,ACEP59,QCDR Measure,Outcome,11.075459771082151,82.45,No,No,51.38,66.07,71.16,78.63,81.92,84.12,86.93,89.1,93.29,94.94,99.32,Y,N,registrySinglePerformanceRate
Sepsis Management: Septic Shock: Lactate Clearance Rate of >=10,ACEP30,QCDR Measure,Outcome,6.415925201440259,86.88,No,No,73.33,80.0,81.29,83.64,84.38,86.96,88.0,90.48,91.89,94.83,97.7,Y,N,registrySinglePerformanceRate
"Sepsis Management: Septic Shock: Lactate Level Measurement, Antibiotics Ordered, and Fluid Resuscitation",ACEP48,QCDR Measure,Process,11.163171786814294,90.97,No,No,29.41,83.33,87.77,89.58,91.53,93.81,95.09,95.95,97.1,98.73,100.0,N,N,registrySinglePerformanceRate
Intraoperative Antibiotic Redosing,AQI69,QCDR Measure,Process,7.729677205731602,96.98,Yes,Yes,57.21,92.86,97.78,99.03,99.6,99.87,100.0,100.0,100.0,100.0,100.0,Y,N,registrySinglePerformanceRate
Obstructive Sleep Apnea: Mitigation Strategies,AQI68,QCDR Measure,Process,13.915004189653864,94.61,Yes,Yes,3.95,85.36,94.76,97.13,98.71,99.755,99.92,99.98,100.0,100.0,100.0,Y,N,registrySinglePerformanceRate
Use of Neuraxial Techniques and/or Peripheral Nerve Blocks for Total Knee Arthroplasty (TKA),AQI56,QCDR Measure,Process,5.258230473458833,98.48,Yes,Yes,66.96,97.37,98.71,99.29,99.74,100.0,100.0,100.0,100.0,100.0,100.0,Y,N,registrySinglePerformanceRate
Patient-Reported Experience with Anesthesia,AQI48,QCDR Measure,Patient-Reported Outcome-Based Performance Measure (PRO-PM),2.6817548632083192,94.09,No,No,88.18,90.61,91.97,92.7,93.51,94.275,94.99,95.61,96.26,97.23,100.0,Y,N,registryMultiPerformanceRate
Avoidance of Cerebral Hyperthermia for Procedures Involving Cardiopulmonary Bypass,AQI65,QCDR Measure,Outcome,15.92070918578255,93.96,No,No,33.33,78.67,95.89,98.9,99.6,99.93,100.0,100.0,100.0,100.0,100.0,Y,N,registrySinglePerformanceRate
Venous Leg Ulcer (VLU) Healing or Closure,CDR6,QCDR Measure,Outcome,24.191530985627416,46.71,No,No,7.32,13.64,18.31,29.4,45.95,53.68,59.0,61.49,67.94,75.0,80.6,Y,N,registryMultiPerformanceRate
Prostate Cancer Reporting Best Practices,CAP38,QCDR Measure,Process,10.794920902555877,94.57,Yes,No,40.56,84.96,89.36,95.15,98.44,99.83,100.0,100.0,100.0,100.0,100.0,Y,N,registrySinglePerformanceRate
Avoid Head CT for Patients with Uncomplicated Syncope,ECPR39,QCDR Measure,Process,7.622474207810635,97.75,Yes,Yes,57.17,97.05,99.07,99.56,99.73,100.0,100.0,100.0,100.0,100.0,100.0,Y,N,registrySinglePerformanceRate
Avoidance of Opiates for Low Back Pain or Migraines,ECPR46,QCDR Measure,Process,3.7806292597872924,98.78,Yes,Yes,84.6,95.9,98.99,99.68,99.88,100.0,100.0,100.0,100.0,100.0,100.0,Y,N,registrySinglePerformanceRate
Functional Status Change in Balance Confidence,FOTO5,QCDR Measure,Patient-Reported Outcome-Based Performance Measure (PRO-PM),16.19441737142772,55.81,No,No,15.38,36.63,42.665,45.0,52.78,58.33,62.88,64.52,66.515,75.0,87.5,Y,N,registrySinglePerformanceRate
Screening Colonoscopy Adenoma Detection Rate - Male,GIQIC24,QCDR Measure,Outcome,13.36077449948126,51.62,No,No,14.18,31.9,40.115,46.645,49.795,53.545,56.245,59.98,62.66,67.625,77.36,Y,N,registrySinglePerformanceRate
Functional Status Change in Dizziness,FOTO6,QCDR Measure,Patient-Reported Outcome-Based Performance Measure (PRO-PM),17.568732781322105,71.51,No,No,36.97,47.27,52.03,61.58,72.73,76.32,78.22,80.58,83.33,90.91,100.0,Y,N,registrySinglePerformanceRate
Screening Colonoscopy Adenoma Detection Rate - Female,GIQIC25,QCDR Measure,Outcome,11.471314802982914,37.61,No,No,13.01,20.25,26.58,32.82,35.8,38.005,40.51,43.48,45.58,51.97,67.15,Y,N,registrySinglePerformanceRate
Appropriate follow-up interval based on pathology findings in screening colonoscopy,GIQIC23,QCDR Measure,Process,16.952389796331467,86.67,No,No,30.69,59.44,78.13,88.29,92.23,93.46,93.68,95.0,98.28,99.33,100.0,Y,N,registryMultiPerformanceRate
Chronic Anterior Uveitis - Post-treatment visual acuity,IRIS53,QCDR Measure,Outcome,4.784127295389896,92.56,No,No,83.67,85.88,88.46,90.75,91.8,92.54,94.44,95.51,96.3,98.54,100.0,Y,N,registrySinglePerformanceRate
Intraocular Pressure Reduction Following Laser Trabeculoplasty,IRIS43,QCDR Measure,Outcome,32.89131995242188,41.20,No,No,1.85,7.69,11.86,16.13,20.0,25.885,39.13,65.48,82.76,91.49,100.0,Y,N,registrySinglePerformanceRate
Visual Acuity Improvement Following Cataract Surgery and Minimally Invasive Glaucoma Surgery,IRIS55,QCDR Measure,Outcome,15.946925500519782,86.63,No,No,34.7826,69.0476,76.9231,85.3047,88.6364,92.5227,94.5946,96.7742,98.5294,100.0,100.0,Y,N,registryMultiPerformanceRate
Complications After Cataract Surgery,IRIS54,QCDR Measure,Outcome,4.801613280787095,1.08,No,No,0.0,0.0,0.0,0.0,0.14,0.34,0.54,0.86,1.375,2.02,9.09,Y,Y,registrySinglePerformanceRate
Improved visual acuity after epiretinal membrane treatment within 120 days,IRIS41,QCDR Measure,Outcome,12.48034933827027,92.62,No,No,30.3,75.0,90.71,94.87,96.49,97.32,98.52,99.37,100.0,100.0,100.0,Y,N,registrySinglePerformanceRate
Evidence of anatomic closure of macular hole within 90 days after surgery as documented by OCT,IRIS46,QCDR Measure,Outcome,14.849069805639072,88.41,No,No,43.48,66.67,81.82,86.27,89.66,94.12,97.02,98.9,100.0,100.0,100.0,Y,N,registrySinglePerformanceRate
Acute Anterior Uveitis: Post-treatment visual acuity,IRIS51,QCDR Measure,Outcome,31.401148895709074,63.34,No,No,4.88,19.42,30.15,36.73,51.58,67.71,85.71,91.67,95.56,98.65,100.0,Y,N,registrySinglePerformanceRate
Visual Field Progression in Glaucoma,IRIS44,QCDR Measure,Outcome,6.447756787241813,2.86,No,No,0.0,0.0,0.0,0.0,0.0,0.0,0.0,0.0,4.76,10.71,31.03,Y,Y,registrySinglePerformanceRate
Use of Anxiety Severity Measure,MBHR1,QCDR Measure,Process,16.268415148027522,83.61,No,No,44.95,67.34,68.05,80.25,82.49,87.57,90.7,95.76,100.0,100.0,100.0,N,N,registrySinglePerformanceRate
Oncology: Advance Care Planning in Metastatic Cancer Patients,PIMSH1,QCDR Measure,Patient Engagement/Experience,24.11977505553973,39.41,No,No,0.8,3.8,17.1,30.4,35.7,39.45,43.3,46.8,57.6,74.7,95.7,Y,N,registrySinglePerformanceRate
Oncology: Utilization of GCSF in Metastatic Colorectal Cancer,PIMSH2,QCDR Measure,Efficiency,17.809878196204384,24.56,No,No,0.0,0.0,9.1,11.8,13.9,26.6,29.8,32.3,38.5,55.0,60.0,Y,Y,registrySinglePerformanceRate
Oncology: Hepatitis B Serology Testing and Prophylactic Treatment Prior to Receiving Anti-CD20 Targeting Drugs,PIMSH10,QCDR Measure,Process,24.469886675299428,55.58,No,No,4.9,16.0,38.2,43.9,48.1,57.95,61.8,71.1,81.8,88.0,95.7,Y,N,registrySinglePerformanceRate
Oncology: Patient-Reported Pain Improvement,PIMSH4,QCDR Measure,Patient-Reported Outcome-Based Performance Measure (PRO-PM),10.23496909527835,51.50,No,No,27.5,38.5,43.1,45.9,48.7,52.0,54.2,56.5,60.9,64.3,75.0,Y,N,registrySinglePerformanceRate
Oncology: Supportive Care Drug Utilization in Last 14 Days of Life,PIMSH9,QCDR Measure,Efficiency,6.929675955498026,7.26,No,No,0.0,0.0,2.8,3.7,4.5,5.7,6.7,8.1,10.0,15.1,30.8,Y,Y,registrySinglePerformanceRate
Use of Peripheral Nerve Block within the Emergency Department in Patients Admitted with Low Energy Hip Fracture,PQRANES1,QCDR Measure,Process,10.037253214011502,13.42,No,No,0.96,3.16,5.08,7.32,9.27,10.645,13.79,16.15,21.28,25.93,47.5,Y,N,registrySinglePerformanceRate
DEXA/DXA and Fracture Risk Assessment for Patients with Osteopenia,QMM19,QCDR Measure,Process,14.415629240520593,94.56,Yes,No,38.0,81.94,97.0,99.0,100.0,100.0,100.0,100.0,100.0,100.0,100.0,N,N,registrySinglePerformanceRate
Use of Breast Cancer Risk Score on Mammography,QMM18,QCDR Measure,Process,35.55534621616392,77.31,Yes,No,2.23,7.77,36.09,82.0,94.5,99.0,100.0,100.0,100.0,100.0,100.0,Y,N,registrySinglePerformanceRate
Opening Pressure in Lumbar Puncture,QMM20,QCDR Measure,Process,18.598083575960526,91.44,Yes,No,32.0,50.0,93.0,96.0,100.0,100.0,100.0,100.0,100.0,100.0,100.0,N,N,registrySinglePerformanceRate
Upper Extremity Edema Improvement,RCOIR10,QCDR Measure,Patient-Reported Outcome-Based Performance Measure (PRO-PM),10.22954374398409,78.18,No,No,55.15,65.45,69.5,72.57,77.875,79.55,81.9,83.56,88.155,90.35,95.45,Y,N,registrySinglePerformanceRate
IVC Filter Management Confirmation,QMM16,QCDR Measure,Process,30.164107336842765,86.72,Yes,No,2.0,50.0,95.0,97.0,100.0,100.0,100.0,100.0,100.0,100.0,100.0,Y,N,registrySinglePerformanceRate
Tunneled Hemodialysis Catheter Success,RCOIR12,QCDR Measure,Outcome,11.394013891186573,76.68,No,No,48.68,58.55,68.48,73.08,74.25,79.55,83.07,84.55,87.42,88.81,91.3,Y,N,registrySinglePerformanceRate
Heel Pain Treatment Outcomes for Adults,REGCLR1,QCDR Measure,Patient-Reported Outcome-Based Performance Measure (PRO-PM),28.59985902345702,44.02,No,No,1.27,6.67,18.66,21.43,33.165,39.22,55.575,60.87,72.83,84.0,98.53,Y,N,registrySinglePerformanceRate
Arteriovenous Graft Thrombectomy Success Rate,RPAQIR14,QCDR Measure,Outcome,9.039806016530482,85.67,No,No,56.41,70.23,78.38,82.69,87.04,88.54,89.57,91.21,92.22,94.34,96.97,Y,N,registrySinglePerformanceRate
Arteriovenous Fistulae Thrombectomy Success Rate,RPAQIR15,QCDR Measure,Outcome,8.607112710110483,85.76,No,No,67.03,73.53,77.78,81.37,85.82,86.41,88.46,90.32,93.48,96.3,100.0,Y,N,registrySinglePerformanceRate
Improved Access Site Bleeding,RCOIR7,QCDR Measure,Outcome,7.127040111487431,88.88,No,No,68.22,78.45,84.02,88.24,88.44,90.0,91.88,92.38,94.44,96.51,100.0,Y,N,registrySinglePerformanceRate
Bunion Outcome - Adult and Adolescent,REGCLR3,QCDR Measure,Patient-Reported Outcome-Based Performance Measure (PRO-PM),30.77430314943513,28.95,No,No,0.31,1.05,2.235,3.39,11.82,14.81,30.145,39.47,50.075,94.59,97.44,Y,N,registrySinglePerformanceRate
Coronary Artery Disease (CAD): Beta-Blocker Therapy – Prior Myocardial Infarction (MI) or Left Ventricular Systolic Dysfunction (LVEF ≤ 40%),007,eCQM,Process,10.25806712094069,88.05,No,No,42.86,78.33,83.82,86.67,88.64,90.2,91.67,93.01,94.74,96.47,100.0,N,N,singlePerformanceRate
Diabetes: Hemoglobin A1c (HbA1c) Poor Control (>9%),001,MIPS CQM,Intermediate Outcome,24.41350068829976,27.30,No,No,1.0,10.0,20.0,30.0,40.0,50.0,60.0,70.0,80.0,90.0,99.0,Y,Y,singlePerformanceRate
Primary Open-Angle Glaucoma (POAG): Optic Nerve Evaluation,012,eCQM,Process,19.615954016926214,88.78,Yes,No,4.43,70.53,85.71,90.81,94.0,96.26,97.67,98.7,99.44,100.0,100.0,N,N,singlePerformanceRate
Heart Failure (HF): Angiotensin-Converting Enzyme (ACE) Inhibitor or Angiotensin Receptor Blocker (ARB) or Angiotensin Receptor-Neprilysin Inhibitor (ARNI) Therapy for Left Ventricular Systolic Dysfunction (LVSD),005,eCQM,Process,13.173402817169258,82.57,No,No,38.16,63.16,74.54,78.85,83.12,85.71,88.24,90.65,92.59,95.5,100.0,N,N,singlePerformanceRate
Heart Failure (HF): Angiotensin-Converting Enzyme (ACE) Inhibitor or Angiotensin Receptor Blocker (ARB) or Angiotensin Receptor-Neprilysin Inhibitor (ARNI) Therapy for Left Ventricular Systolic Dysfunction (LVSD),005,MIPS CQM,Process,10.39277571472996,96.65,Yes,Yes,42.86,90.28,96.55,98.99,100.0,100.0,100.0,100.0,100.0,100.0,100.0,N,N,singlePerformanceRate
Age-Related Macular Degeneration (AMD): Dilated Macular Examination,014,MIPS CQM,Process,15.282842557090726,92.93,Yes,Yes,13.79,82.08,92.1,95.02,96.82,98.31,99.22,99.78,100.0,100.0,100.0,N,N,singlePerformanceRate
Heart Failure (HF): Beta-Blocker Therapy for Left Ventricular Systolic Dysfunction (LVSD),008,eCQM,Process,10.640565982782745,90.11,No,No,31.18,82.61,86.67,89.13,90.91,92.47,93.69,95.0,96.5,98.23,100.0,N,N,singlePerformanceRate
Heart Failure (HF): Beta-Blocker Therapy for Left Ventricular Systolic Dysfunction (LVSD),008,MIPS CQM,Process,9.795601901267954,96.94,Yes,Yes,43.33,94.29,97.94,99.42,100.0,100.0,100.0,100.0,100.0,100.0,100.0,N,N,singlePerformanceRate
Diabetes: Hemoglobin A1c (HbA1c) Poor Control (>9%),001,eCQM,Intermediate Outcome,27.90694955245333,43.53,No,No,3.92,14.53,19.83,24.25,29.05,34.15,41.62,53.18,72.21,93.62,99.5,Y,Y,singlePerformanceRate
Diabetes: Hemoglobin A1c (HbA1c) Poor Control (>9%),001,Medicare Part B Claims,Intermediate Outcome,15.600950800373107,11.70,No,No,1.0,10.0,20.0,30.0,40.0,50.0,60.0,70.0,80.0,90.0,99.0,Y,Y,singlePerformanceRate
Anti-Depressant Medication Management,009,eCQM,Process,13.673548281619437,78.60,No,No,10.4,66.98,74.32,77.025,79.26,81.25,82.9,84.38,86.77,90.63,99.7,N,N,multiPerformanceRate
Coronary Artery Disease (CAD): Beta-Blocker Therapy – Prior Myocardial Infarction (MI) or Left Ventricular Systolic Dysfunction (LVEF ≤ 40%),007,MIPS CQM,Process,9.393566032892808,92.47,Yes,No,61.29,80.555,86.63,89.56,92.98,95.71,98.195,100.0,100.0,100.0,100.0,N,N,singlePerformanceRate
Coronary Artery Disease (CAD): Antiplatelet Therapy,006,MIPS CQM,Process,11.158201612081164,92.71,Yes,No,48.81,79.83,87.38,91.34,94.85,97.44,100.0,100.0,100.0,100.0,100.0,N,N,singlePerformanceRate
Acute Otitis Externa (AOE): Systemic Antimicrobial Therapy - Avoidance of Inappropriate Use,093,MIPS CQM,Process,12.34430251642087,93.95,Yes,Yes,35.0,82.5,91.92,95.69,97.2,98.675,100.0,100.0,100.0,100.0,100.0,Y,N,singlePerformanceRate
Preventive Care and Screening: Influenza Immunization,110,Medicare Part B Claims,Process,26.144276180269255,82.55,Yes,Yes,1.79,42.8,69.625,79.7,88.965,95.655,99.21,100.0,100.0,100.0,100.0,N,N,singlePerformanceRate
Appropriate Testing for Pharyngitis,066,MIPS CQM,Process,10.767899838179433,95.78,Yes,Yes,34.65,91.23,94.78,96.94,98.18,99.33,99.9,100.0,100.0,100.0,100.0,Y,N,singlePerformanceRate
Appropriate Testing for Pharyngitis,066,eCQM,Process,29.531363356945864,60.60,No,No,1.05,10.0,29.17,46.14,60.61,69.375,77.42,83.43,87.85,91.14,96.7,Y,N,singlePerformanceRate
Pneumococcal Vaccination Status for Older Adults,111,eCQM,Process,29.151804640408365,47.92,No,No,0.15,2.85,15.17,30.34,41.715,51.74,60.64,68.47,75.52,83.92,100.0,N,N,singlePerformanceRate
Preventive Care and Screening: Influenza Immunization,110,eCQM,Process,27.52842077039326,41.40,No,No,0.11,1.92,13.3,24.4,32.92,40.76,48.615,56.07,65.42,79.91,100.0,N,N,singlePerformanceRate
Pneumococcal Vaccination Status for Older Adults,111,MIPS CQM,Process,23.210295921510905,74.37,No,No,1.2,43.83,61.66,69.56,74.72,78.9,82.905,87.71,95.2,100.0,100.0,N,N,singlePerformanceRate
Preventive Care and Screening: Influenza Immunization,110,MIPS CQM,Process,28.098723534775512,76.22,No,No,1.19,30.75,51.35,66.48,79.75,88.96,94.97,98.6,99.99,100.0,100.0,N,N,singlePerformanceRate
Pneumococcal Vaccination Status for Older Adults,111,Medicare Part B Claims,Process,18.224462318653483,85.92,No,No,13.56,63.76,75.61,81.02,86.73,92.89,96.98,99.19,100.0,100.0,100.0,N,N,singlePerformanceRate
Adult Major Depressive Disorder (MDD): Suicide Risk Assessment,107,eCQM,Process,34.62194931382038,37.18,No,No,0.06,0.67,2.59,7.01,15.62,27.95,40.98,55.32,78.76,94.69,100.0,N,N,singlePerformanceRate
Primary Open-Angle Glaucoma (POAG): Reduction of Intraocular Pressure (IOP) by 15% OR Documentation of a Plan of Care,141,MIPS CQM,Outcome,14.595593263356857,94.47,No,No,10.13,86.06,94.43,97.39,98.945,99.54,99.87,100.0,100.0,100.0,100.0,Y,N,singlePerformanceRate
Primary Open-Angle Glaucoma (POAG): Reduction of Intraocular Pressure (IOP) by 15% OR Documentation of a Plan of Care,141,Medicare Part B Claims,Outcome,0.0,100.00,No,No,100.0,100.0,100.0,100.0,100.0,100.0,100.0,100.0,100.0,100.0,100.0,Y,N,singlePerformanceRate
Preventive Care and Screening: Body Mass Index (BMI) Screening and Follow-Up Plan,128,eCQM,Process,30.32395532942425,49.56,No,No,4.31,18.12,22.09,25.62,29.95,36.84,51.43,73.215,87.415,96.49,100.0,N,N,singlePerformanceRate
Melanoma: Continuity of Care - Recall System,137,MIPS CQM,Structure,13.638151052563357,96.54,No,No,9.58,95.55,100.0,100.0,100.0,100.0,100.0,100.0,100.0,100.0,100.0,Y,N,singlePerformanceRate
Oncology: Medical and Radiation - Pain Intensity Quantified,143,MIPS CQM,Process,16.93180190497734,94.25,Yes,Yes,1.6,81.73,97.06,99.54,100.0,100.0,100.0,100.0,100.0,100.0,100.0,Y,N,singlePerformanceRate
Preventive Care and Screening: Screening for Depression and Follow-Up Plan,134,Medicare Part B Claims,Process,15.651365645878542,95.38,Yes,Yes,2.38,90.28,99.435,100.0,100.0,100.0,100.0,100.0,100.0,100.0,100.0,N,N,singlePerformanceRate
Documentation of Current Medications in the Medical Record,130,eCQM,Process,20.13996905975955,86.81,Yes,Yes,5.12,61.38,80.25,87.91,92.24,95.21,97.08,98.33,99.27,99.88,100.0,Y,N,singlePerformanceRate
Preventive Care and Screening: Body Mass Index (BMI) Screening and Follow-Up Plan,128,Medicare Part B Claims,Process,18.87640640859188,92.25,Yes,Yes,14.94,67.51,94.86,99.09,99.88,100.0,100.0,100.0,100.0,100.0,100.0,N,N,singlePerformanceRate
Melanoma: Coordination of Care,138,MIPS CQM,Process,17.994420873372196,94.19,Yes,Yes,4.88,82.28,99.145,100.0,100.0,100.0,100.0,100.0,100.0,100.0,100.0,Y,N,singlePerformanceRate
Documentation of Current Medications in the Medical Record,130,MIPS CQM,Process,22.823324932037696,90.69,Yes,Yes,3.8,68.13,93.0,98.23,99.65,99.95,100.0,100.0,100.0,100.0,100.0,Y,N,singlePerformanceRate
Preventive Care and Screening: Screening for Depression and Follow-Up Plan,134,eCQM,Process,32.86998488131149,47.53,No,No,0.07,3.3,12.88,22.56,32.74,44.46,57.62,71.31,84.7,95.5,100.0,N,N,singlePerformanceRate
Preventive Care and Screening: Screening for Depression and Follow-Up Plan,134,MIPS CQM,Process,23.838103671329435,89.55,Yes,Yes,0.05,61.77,89.46,97.25,99.22,99.97,100.0,100.0,100.0,100.0,100.0,N,N,singlePerformanceRate
Elder Maltreatment Screen and Follow-Up Plan,181,Medicare Part B Claims,Process,16.51048173972316,96.06,Yes,Yes,0.44,96.75,100.0,100.0,100.0,100.0,100.0,100.0,100.0,100.0,100.0,Y,N,singlePerformanceRate
Stroke and Stroke Rehabilitation: Thrombolytic Therapy,187,MIPS CQM,Process,10.325083616022312,96.31,Yes,Yes,42.86,90.555,94.42,97.915,100.0,100.0,100.0,100.0,100.0,100.0,100.0,N,N,singlePerformanceRate
"Functional Status Change for Patients with Lower Leg, Foot or Ankle Impairments",219,MIPS CQM,Patient-Reported Outcome-Based Performance Measure (PRO-PM),23.247946540771814,69.07,No,No,25.0,38.24,48.72,53.75,63.64,69.615,74.44,83.76,97.44,100.0,100.0,Y,N,singlePerformanceRate
Rheumatoid Arthritis (RA): Functional Status Assessment,178,MIPS CQM,Process,21.622827927154997,90.61,Yes,Yes,5.0,75.13,91.15,94.86,98.41,99.77,100.0,100.0,100.0,100.0,100.0,N,N,singlePerformanceRate
Colonoscopy Interval for Patients with a History of Adenomatous Polyps - Avoidance of Inappropriate Use,185,MIPS CQM,Process,14.72180493317672,95.09,Yes,Yes,12.91,86.495,96.805,99.52,100.0,100.0,100.0,100.0,100.0,100.0,100.0,Y,N,singlePerformanceRate
Functional Status Change for Patients with Hip Impairments,218,MIPS CQM,Patient-Reported Outcome-Based Performance Measure (PRO-PM),23.336246204048905,69.33,No,No,26.98,37.78,47.62,54.17,61.9,68.29,73.72,84.8,100.0,100.0,100.0,Y,N,singlePerformanceRate
Elder Maltreatment Screen and Follow-Up Plan,181,MIPS CQM,Process,8.53092899841231,98.22,Yes,Yes,55.0,98.49,99.85,100.0,100.0,100.0,100.0,100.0,100.0,100.0,100.0,Y,N,singlePerformanceRate
Cataracts: 20/40 or Better Visual Acuity within 90 Days Following Cataract Surgery,191,MIPS CQM,Outcome,9.229648531539175,97.03,Yes,No,51.85,93.75,97.05,98.54,99.28,100.0,100.0,100.0,100.0,100.0,100.0,Y,N,singlePerformanceRate
Cataracts: 20/40 or Better Visual Acuity within 90 Days Following Cataract Surgery,191,eCQM,Outcome,13.37933287319672,92.92,No,No,28.7,82.29,91.07,94.67,96.43,97.495,98.31,98.93,99.52,100.0,100.0,Y,N,singlePerformanceRate
Functional Status Change for Patients with Knee Impairments,217,MIPS CQM,Patient-Reported Outcome-Based Performance Measure (PRO-PM),21.634117434014737,72.17,No,No,29.27,42.42,52.38,56.94,63.38,72.94,80.0,90.24,100.0,100.0,100.0,Y,N,singlePerformanceRate
Rheumatoid Arthritis (RA): Glucocorticoid Management,180,MIPS CQM,Process,13.611120201712799,90.65,Yes,Yes,54.05,68.7,78.08,87.88,95.76,99.33,99.75,100.0,100.0,100.0,100.0,N,N,singlePerformanceRate
Functional Outcome Assessment,182,MIPS CQM,Process,18.438601457297153,95.92,Yes,Yes,0.1,98.91,99.85,100.0,100.0,100.0,100.0,100.0,100.0,100.0,100.0,Y,N,singlePerformanceRate
Barrett's Esophagus,249,Medicare Part B Claims,Process,0.0,100.00,Yes,Yes,100.0,100.0,100.0,100.0,100.0,100.0,100.0,100.0,100.0,100.0,100.0,N,N,singlePerformanceRate
Radical Prostatectomy Pathology Reporting,250,Medicare Part B Claims,Process,0.0,100.00,Yes,Yes,100.0,100.0,100.0,100.0,100.0,100.0,100.0,100.0,100.0,100.0,100.0,N,N,singlePerformanceRate
Ultrasound Determination of Pregnancy Location for Pregnant Patients with Abdominal Pain,254,MIPS CQM,Process,13.236665640518067,94.01,Yes,Yes,15.79,88.32,93.32,95.71,97.73,98.24,98.91,100.0,100.0,100.0,100.0,N,N,singlePerformanceRate
Cardiac Rehabilitation Patient Referral from an Outpatient Setting,243,MIPS CQM,Process,29.398374397865997,51.02,No,No,1.99,24.44,26.47,29.3,33.96,39.345,52.5,64.66,86.36,96.97,100.0,Y,N,singlePerformanceRate
Radical Prostatectomy Pathology Reporting,250,MIPS CQM,Process,0.3758264721459319,99.95,Yes,Yes,97.86,100.0,100.0,100.0,100.0,100.0,100.0,100.0,100.0,100.0,100.0,N,N,singlePerformanceRate
Epilepsy: Counseling for Women of Childbearing Potential with Epilepsy,268,MIPS CQM,Process,25.83059364404088,86.56,Yes,No,7.27,42.07,69.23,95.83,100.0,100.0,100.0,100.0,100.0,100.0,100.0,N,N,singlePerformanceRate
Barrett's Esophagus,249,MIPS CQM,Process,2.7793907650684955,99.78,Yes,Yes,97.02,100.0,100.0,100.0,100.0,100.0,100.0,100.0,100.0,100.0,100.0,N,N,singlePerformanceRate
Dementia: Functional Status Assessment,282,MIPS CQM,Process,11.847217732124614,96.92,Yes,Yes,38.71,94.74,100.0,100.0,100.0,100.0,100.0,100.0,100.0,100.0,100.0,N,N,singlePerformanceRate
Sleep Apnea: Assessment of Adherence to Positive Airway Pressure Therapy,279,MIPS CQM,Process,21.1941910453053,91.93,Yes,Yes,8.0,78.51,91.36,99.8,100.0,100.0,100.0,100.0,100.0,100.0,100.0,N,N,singlePerformanceRate
Assessment of Cognitive Impairment or Dysfunction for Patients with Parkinson's Disease,291,MIPS CQM,Process,24.860000508437306,88.23,Yes,Yes,7.55,40.24,82.595,96.665,100.0,100.0,100.0,100.0,100.0,100.0,100.0,N,N,singlePerformanceRate
Dementia: Safety Concern Screening and Follow-Up for Patients with Dementia,286,MIPS CQM,Process,10.455077824598343,97.89,Yes,Yes,50.0,99.56,100.0,100.0,100.0,100.0,100.0,100.0,100.0,100.0,100.0,Y,N,singlePerformanceRate
Dementia: Education and Support of Caregivers for Patients with Dementia,288,MIPS CQM,Process,22.663648535396554,91.45,Yes,Yes,0.82,78.33,94.34,100.0,100.0,100.0,100.0,100.0,100.0,100.0,100.0,Y,N,singlePerformanceRate
Rehabilitative Therapy Referral for Patients with Parkinson's Disease,293,MIPS CQM,Process,20.975759546262147,90.62,Yes,No,4.43,56.82,92.92,97.62,100.0,100.0,100.0,100.0,100.0,100.0,100.0,Y,N,singlePerformanceRate
Dementia: Cognitive Assessment,281,eCQM,Process,30.37224617626353,45.19,No,No,1.08,5.95,13.51,22.83,32.93,42.185,51.79,63.64,77.17,91.67,100.0,N,N,singlePerformanceRate
Assessment of Mood Disorders and Psychosis for Patients with Parkinson's Disease,290,MIPS CQM,Process,17.09407520034222,92.29,Yes,Yes,13.79,70.37,90.71,97.5,100.0,100.0,100.0,100.0,100.0,100.0,100.0,N,N,singlePerformanceRate
Dementia Associated Behavioral and Psychiatric Symptoms Screening and Management,283,MIPS CQM,Process,15.320487777405374,95.61,Yes,Yes,13.95,92.52,99.99,100.0,100.0,100.0,100.0,100.0,100.0,100.0,100.0,N,N,singlePerformanceRate
Adult Sinusitis: Antibiotic Prescribed for Acute Viral Sinusitis (Overuse),331,MIPS CQM,Process,28.95606177314734,23.32,No,No,0.0,0.0,0.0,0.0,2.56,8.27,17.24,32.43,53.57,72.73,94.23,Y,Y,singlePerformanceRate
Cervical Cancer Screening,309,eCQM,Process,22.969717005831928,38.29,No,No,0.34,7.89,16.35,23.78,30.95,37.24,43.86,50.31,57.83,68.9,95.19,N,N,singlePerformanceRate
Preventive Care and Screening: Screening for High Blood Pressure and Follow-Up Documented,317,eCQM,Process,18.22147021826806,24.90,No,No,0.06,4.42,12.47,17.06,19.95,22.795,25.7,28.79,33.11,40.8,100.0,N,N,singlePerformanceRate
Cardiac Stress Imaging Not Meeting Appropriate Use Criteria: Preoperative Evaluation in Low-Risk Surgery Patients,322,MIPS CQM,Efficiency,11.031421801734385,1.34,No,No,0.0,0.0,0.0,0.0,0.0,0.0,0.0,0.0,0.0,0.0,99.77,Y,Y,singlePerformanceRate
Atrial Fibrillation and Atrial Flutter: Chronic Anticoagulation Therapy,326,MIPS CQM,Process,23.377400953966223,88.79,Yes,Yes,2.15,64.49,80.54,92.86,99.36,100.0,100.0,100.0,100.0,100.0,100.0,N,N,singlePerformanceRate
Chlamydia Screening for Women,310,eCQM,Process,20.316831417610754,32.59,No,No,0.84,7.69,12.5,18.75,25.0,30.71,36.9,43.48,50.0,60.24,84.33,N,N,singlePerformanceRate
Falls: Screening for Future Fall Risk,318,eCQM,Process,34.65707301246968,62.37,No,No,0.14,5.15,22.7,42.15,58.33,73.08,84.18,91.83,97.03,99.3,100.0,Y,N,singlePerformanceRate
"Cardiac Stress Imaging Not Meeting Appropriate Use Criteria: Testing in Asymptomatic, Low-Risk Patients",324,MIPS CQM,Efficiency,16.818697758905525,3.88,No,No,0.0,0.0,0.0,0.0,0.0,0.0,0.0,0.0,0.0,0.43,99.77,Y,Y,singlePerformanceRate
Initiation and Engagement of Substance Use Disorder Treatment,305,eCQM,Process,5.791960149046411,5.22,No,No,0.31,1.32,2.04,2.5,3.09,3.575,4.37,5.32,6.7,10.0,33.52,Y,N,multiPerformanceRate
Appropriate Follow-Up Interval for Normal Colonoscopy in Average Risk Patients,320,Medicare Part B Claims,Process,0.0,100.00,Yes,Yes,100.0,100.0,100.0,100.0,100.0,100.0,100.0,100.0,100.0,100.0,100.0,Y,N,singlePerformanceRate
Appropriate Follow-Up Interval for Normal Colonoscopy in Average Risk Patients,320,MIPS CQM,Process,15.527746454061,93.54,Yes,Yes,13.45,87.93,91.67,95.6,97.24,98.33,100.0,100.0,100.0,100.0,100.0,Y,N,singlePerformanceRate
Preventive Care and Screening: Screening for High Blood Pressure and Follow-Up Documented,317,MIPS CQM,Process,38.22297623735653,62.35,No,No,0.11,7.07,18.21,27.76,48.05,81.64,93.86,98.93,99.93,100.0,100.0,N,N,singlePerformanceRate
Preventive Care and Screening: Screening for High Blood Pressure and Follow-Up Documented,317,Medicare Part B Claims,Process,29.621400118822244,84.84,Yes,Yes,0.17,23.21,79.05,95.67,99.09,99.78,100.0,100.0,100.0,100.0,100.0,N,N,singlePerformanceRate
Surgical Site Infection (SSI),357,MIPS CQM,Outcome,5.2088984447436015,0.88,No,No,0.0,0.0,0.0,0.0,0.0,0.0,0.0,0.0,0.23,1.49,12.31,Y,Y,singlePerformanceRate
Patient-Centered Surgical Risk Assessment and Communication,358,MIPS CQM,Process,29.874984076828106,86.59,Yes,Yes,0.62,20.96,90.6,98.905,100.0,100.0,100.0,100.0,100.0,100.0,100.0,Y,N,singlePerformanceRate
Anastomotic Leak Intervention,354,MIPS CQM,Outcome,4.68006095843982,2.41,No,No,0.0,0.0,0.0,0.0,0.0,0.165,1.275,2.615,3.985,6.37,23.33,Y,Y,singlePerformanceRate
Total Knee or Hip Replacement: Venous Thromboembolic and Cardiovascular Risk Evaluation,351,MIPS CQM,Process,9.402068109796279,97.00,Yes,No,47.98,91.96,99.04,100.0,100.0,100.0,100.0,100.0,100.0,100.0,100.0,Y,N,singlePerformanceRate
Total Knee or Hip Replacement: Shared Decision-Making: Trial of Conservative (Non-surgical) Therapy,350,MIPS CQM,Process,11.265322454447237,97.25,Yes,No,26.18,98.42,99.91,100.0,100.0,100.0,100.0,100.0,100.0,100.0,100.0,Y,N,singlePerformanceRate
Unplanned Hospital Readmission within 30 Days of Principal Procedure,356,MIPS CQM,Outcome,5.99933659526896,1.97,No,No,0.0,0.0,0.0,0.0,0.0,0.0,0.0,1.18,3.02,5.22,45.37,Y,Y,singlePerformanceRate
HIV Medical Visit Frequency,340,MIPS CQM,Process,17.494757064958193,83.40,No,No,32.07,58.65,72.66,79.78,85.06,86.36,89.19,92.92,100.0,100.0,100.0,Y,N,singlePerformanceRate
Adult Sinusitis: Appropriate Choice of Antibiotic: Amoxicillin With or Without Clavulanate Prescribed for Patients with Acute Bacterial Sinusitis (Appropriate Use),332,MIPS CQM,Process,19.264602683604387,87.97,Yes,No,12.5,64.44,81.08,88.35,92.59,95.45,97.56,100.0,100.0,100.0,100.0,Y,N,singlePerformanceRate
HIV Viral Load Suppression,338,MIPS CQM,Outcome,18.814574954144675,89.56,No,No,11.81,68.265,86.775,91.375,94.24,95.85,100.0,100.0,100.0,100.0,100.0,Y,N,singlePerformanceRate
Unplanned Reoperation within the 30 Day Postoperative Period,355,MIPS CQM,Outcome,8.81542149978911,1.59,No,No,0.0,0.0,0.0,0.0,0.0,0.0,0.0,0.0,0.81,1.8,35.82,Y,Y,singlePerformanceRate
Statin Therapy for the Prevention and Treatment of Cardiovascular Disease,438,eCQM,Process,10.16109876121178,78.30,No,No,35.29,68.71,73.36,75.84,77.92,79.63,81.33,83.33,85.43,88.06,94.0,N,N,singlePerformanceRate
Appropriate Treatment for Patients with Stage I (T1c) - III HER2 Positive Breast Cancer,450,MIPS CQM,Process,12.575859936686763,84.83,No,No,43.33,68.42,75.0,80.87,84.38,86.815,90.0,92.59,94.12,100.0,100.0,Y,N,singlePerformanceRate
Radiation Consideration for Adult CT: Utilization of Dose Lowering Techniques,436,MIPS CQM,Process,9.798349056639157,97.56,Yes,Yes,38.16,96.4,99.91,100.0,100.0,100.0,100.0,100.0,100.0,100.0,100.0,N,N,singlePerformanceRate
Age Appropriate Screening Colonoscopy,439,MIPS CQM,Efficiency,0.734253589972056,0.15,No,No,0.0,0.0,0.0,0.0,0.0,0.0,0.0,0.0,0.0,0.09,3.03,Y,Y,singlePerformanceRate
Statin Therapy for the Prevention and Treatment of Cardiovascular Disease,438,MIPS CQM,Process,15.778589013336122,80.79,No,No,35.56,63.38,71.02,74.56,78.12,81.34,84.33,91.0,98.17,100.0,100.0,N,N,singlePerformanceRate
Skin Cancer: Biopsy Reporting Time - Pathologist to Clinician,440,MIPS CQM,Process,5.167075279552245,98.45,Yes,Yes,70.53,97.16,98.57,99.44,99.95,100.0,100.0,100.0,100.0,100.0,100.0,Y,N,singlePerformanceRate
Ischemic Vascular Disease (IVD) All or None Outcome Measure (Optimal Control),441,MIPS CQM,Intermediate Outcome,21.211806239016248,44.45,No,No,2.79,18.335,29.585,34.62,39.96,43.115,47.41,52.845,58.575,69.45,99.42,Y,N,singlePerformanceRate
Radiation Consideration for Adult CT: Utilization of Dose Lowering Techniques,436,Medicare Part B Claims,Process,20.58684510718214,92.90,Yes,Yes,0.46,82.965,96.515,98.895,99.59,100.0,100.0,100.0,100.0,100.0,100.0,N,N,singlePerformanceRate
Percentage of Patients Who Died from Cancer Receiving Systemic Cancer-Directed Therapy in the Last 14 Days of Life (lower score – better),453,MIPS CQM,Process,7.083608427136079,10.71,No,No,0.0,2.96,4.55,6.25,7.95,9.36,11.27,13.53,16.0,20.83,31.82,Y,Y,singlePerformanceRate
Otitis Media with Effusion: Systemic Antimicrobials - Avoidance of Inappropriate Use,464,MIPS CQM,Process,14.16825087751196,90.33,No,No,30.77,77.61,85.23,90.7,92.86,94.775,96.3,97.46,100.0,100.0,100.0,Y,N,singlePerformanceRate
Percentage of Patients Who Died from Cancer Admitted to Hospice for Less than 3 days (lower score - better),457,MIPS CQM,Outcome,11.576489869804933,11.02,No,No,0.0,0.0,1.96,3.56,5.665,8.895,11.74,13.645,19.48,22.58,77.78,Y,Y,singlePerformanceRate
Prevention of Post-Operative Vomiting (POV) - Combination Therapy (Pediatrics),463,MIPS CQM,Process,5.03916766635947,98.81,Yes,Yes,58.11,97.73,99.605,99.87,100.0,100.0,100.0,100.0,100.0,100.0,100.0,Y,N,singlePerformanceRate
Melanoma: – Appropriate Surgical Margins,AAD12,QCDR Measure,Intermediate Outcome,7.207450741453329,97.55,Yes,No,75.51,96.67,100.0,100.0,100.0,100.0,100.0,100.0,100.0,100.0,100.0,Y,N,registrySinglePerformanceRate
Use of Capnography for non-Operating Room anesthesia Measure,ABG43,QCDR Measure,Process,0.8286438955577693,99.36,Yes,No,97.04,98.28,99.19,99.36,99.49,99.66,99.78,99.82,100.0,100.0,100.0,Y,N,registrySinglePerformanceRate
Upper Extremity Nerve Blockade in Shoulder Surgery,ABG41,QCDR Measure,Process,4.3289209758454525,98.05,Yes,No,76.67,92.57,96.36,99.32,99.68,100.0,100.0,100.0,100.0,100.0,100.0,N,N,registrySinglePerformanceRate
Measuring the Value-Functions of Primary Care: Physician Level Continuity of Care Measure,ABFM12,QCDR Measure,Efficiency,24.455196187556623,82.11,No,No,14.57,45.435,58.085,73.56,87.795,99.73,100.0,100.0,100.0,100.0,100.0,Y,N,registrySinglePerformanceRate
Appropriate Emergency Department Utilization of CT for Pulmonary Embolism,ACEP22,QCDR Measure,Process,22.138695328999255,64.44,No,No,27.18,37.63,43.01,48.12,55.35,59.99,66.86,80.46,90.535,97.37,100.0,Y,N,registrySinglePerformanceRate
Coagulation Studies in Patients Presenting with Chest Pain with No Coagulopathy or Bleeding,ACEP21,QCDR Measure,Process,3.8924541809200273,4.38,Yes,Yes,0.11,1.125,1.74,1.965,2.61,3.015,3.655,5.17,7.255,8.77,23.25,Y,Y,registrySinglePerformanceRate
Emergency Department Utilization of CT for Minor Blunt Head Trauma for Patients Aged 18 Years and Older,ACEP19,QCDR Measure,Process,10.792259969718636,84.75,No,No,62.57,69.29,74.41,76.86,83.49,86.0,88.68,93.82,96.67,98.25,99.63,Y,N,registrySinglePerformanceRate
Report Turnaround Time: Radiography,ACRAD15,QCDR Measure,Outcome,8.566293234570315,4.12,No,No,0.3,0.54,0.75,1.09,1.465,1.79,2.125,2.71,3.865,9.53,34.94,Y,Y,nonProportion
Hepatitis B Safety Screening,ACR10,QCDR Measure,Process,22.406364667914765,44.26,No,No,0.74,14.63,27.5,31.88,35.82,43.06,50.0,55.53,65.26,75.0,100.0,Y,N,registrySinglePerformanceRate
COPD: Steroids for no more than 5 days in COPD Exacerbation,ACQR3,QCDR Measure,Efficiency,0.0456335661574728,0.95,No,No,0.82,0.875,0.91,0.935,0.95,0.96,0.97,0.975,0.99,1.0,1.0,Y,N,registrySinglePerformanceRate
Gout: Serum Urate Target,ACR14,QCDR Measure,Intermediate Outcome,15.699078927334135,53.71,No,No,3.85,37.17,46.34,48.33,52.0,54.39,58.62,61.45,64.1,68.85,92.71,Y,N,registrySinglePerformanceRate
Disease Activity Measurement for Patients with PsA,ACR12,QCDR Measure,Process,28.2775542175283,67.00,No,No,0.16,10.53,52.3,60.61,66.805,75.54,78.945,88.36,89.665,97.34,100.0,N,N,registrySinglePerformanceRate
Safe Hydroxychloroquine Dosing,ACR15,QCDR Measure,Process,16.27865295045943,70.87,No,No,10.01,53.85,60.63,64.56,69.82,73.02,75.56,79.03,82.05,89.06,100.0,Y,N,registrySinglePerformanceRate
"Avoidance of Chest X-ray in pediatric patients with Asthma, Bronchiolitis or Croup",ACEP61,QCDR Measure,Process,17.569239028140988,36.82,No,No,0.0,9.58,26.34,30.48,33.64,38.88,40.74,43.37,55.34,60.0,68.86,Y,Y,registrySinglePerformanceRate
Avoidance of Opioid therapy for dental pain.,ACEP62,QCDR Measure,Process,11.302090999218535,84.64,No,No,52.8,70.06,75.78,79.71,82.84,85.56,89.52,93.21,95.64,97.48,100.0,Y,N,registrySinglePerformanceRate
Report Turnaround Time: Mammography,ACRAD25,QCDR Measure,Outcome,19.25998904936911,12.31,No,No,0.26,0.49,1.275,2.615,4.295,6.47,8.87,12.615,16.49,29.82,62.23,Y,Y,nonProportion
Incidental Coronary Artery Calcification Reported on Chest CT,ACRAD36,QCDR Measure,Process,18.887368316257284,87.17,Yes,No,31.0,55.35,73.85,85.25,94.0,99.0,100.0,100.0,100.0,100.0,100.0,Y,N,registrySinglePerformanceRate
"Multi-strata weighted average for 3 CT Exam Types: Overall Percent of CT exams for which Dose Length Product is at or below the size-specific diagnostic reference level (for CT Abdomen-pelvis with contrast/single phase scan, CT Chest without contrast/single phase scan and CT Head/Brain without contrast/single phase scan)",ACRAD34,QCDR Measure,Outcome,12.338009388169612,83.95,No,No,39.7758,69.1741,78.2772,83.5884,83.5884,83.8524,87.2594,91.8367,94.8689,96.4539,99.4965,Y,N,registryMultiPerformanceRate
Use of Structured Reporting in Prostate MRI,ACRAD40,QCDR Measure,Process,5.303136860293748,98.33,Yes,No,62.0,94.435,99.165,100.0,100.0,100.0,100.0,100.0,100.0,100.0,100.0,Y,N,registrySinglePerformanceRate
Report Turnaround Time: MRI,ACRAD17,QCDR Measure,Outcome,7.74250232861599,8.44,No,No,1.13,1.65,2.38,3.41,5.01,5.84,7.46,9.55,12.76,18.23,34.4,Y,Y,nonProportion
Report Turnaround Time: Ultrasound (Excluding Breast US),ACRAD16,QCDR Measure,Outcome,4.433221922656911,3.48,No,No,0.29,0.6,0.92,1.25,1.69,2.255,2.67,3.58,4.48,7.78,22.58,Y,Y,nonProportion
Use of Quantitative Criteria for Oncologic FDG PET Imaging,ACRAD41,QCDR Measure,Process,25.391156659399684,81.37,Yes,No,16.0,36.0,58.0,72.0,86.0,98.0,99.07,100.0,100.0,100.0,100.0,Y,N,registrySinglePerformanceRate
Interpretation of CT Pulmonary Angiography (CTPA) for Pulmonary Embolism,ACRAD37,QCDR Measure,Process,4.983494822884589,97.39,Yes,No,81.19,90.5,95.0,98.0,100.0,100.0,100.0,100.0,100.0,100.0,100.0,Y,N,registrySinglePerformanceRate
Report Turnaround Time: PET,ACRAD19,QCDR Measure,Outcome,6.061844024172508,7.59,No,No,1.01,1.9,2.4,3.13,3.72,5.42,7.4,10.02,13.58,15.94,22.47,Y,Y,nonProportion
Report Turnaround Time: CT,ACRAD18,QCDR Measure,Outcome,7.201871147542594,4.77,No,No,0.44,0.7,1.105,1.53,1.93,2.26,2.77,3.94,5.305,10.49,30.45,Y,Y,nonProportion
Prevention of Arterial Line-Related Bloodstream Infections,AQI73,QCDR Measure,Process,3.0882778306337144,99.01,Yes,No,85.18,96.905,100.0,100.0,100.0,100.0,100.0,100.0,100.0,100.0,100.0,Y,N,registryMultiPerformanceRate
Stones: Repeat Shock Wave Lithotripsy (SWL) Within 6 Months of Initial Treatment,AQUA14,QCDR Measure,Outcome,10.375307337912973,11.40,No,No,0.0,1.39,3.23,4.81,6.52,9.09,10.29,13.41,15.88,26.9,47.12,Y,Y,registrySinglePerformanceRate
Benign Prostate Hyperplasia (BPH): Inappropriate Lab & Imaging Services for Patients with BPH,AQUA26,QCDR Measure,Process,19.54332807671328,6.66,Yes,Yes,0.0,0.0,0.0,0.0,0.0,0.0,0.37,1.12,2.02,11.95,88.89,Y,Y,registrySinglePerformanceRate
Perioperative Anemia Management,AQI72,QCDR Measure,Process,2.704441506787743,99.38,Yes,Yes,80.25,98.43,99.8,100.0,100.0,100.0,100.0,100.0,100.0,100.0,100.0,Y,N,registrySinglePerformanceRate
Turnaround Time (TAT) - Biopsies,CAP22,QCDR Measure,Process,14.14179425069586,89.64,Yes,No,46.74,70.41,83.69,91.03,94.23,95.96,96.95,97.99,98.98,100.0,100.0,Y,N,registrySinglePerformanceRate
Stones: Urinalysis Performed Before Surgical Stone Procedures,AQUA15,QCDR Measure,Process,23.09130018584975,72.06,No,No,2.63,42.42,55.43,62.33,70.15,77.25,84.32,87.43,92.64,96.72,100.0,Y,N,registrySinglePerformanceRate
Urinary Bladder Biopsy Diagnostic Requirements For Appropriate Patient Management,CAP30,QCDR Measure,Process,17.358463067938118,84.48,No,No,39.57,53.13,72.73,77.39,80.0,90.0,97.59,98.52,100.0,100.0,100.0,Y,N,registrySinglePerformanceRate
Helicobacter pylori Status and Turnaround Time,CAP28,QCDR Measure,Process,11.870159231746857,93.08,Yes,Yes,50.99,74.16,90.98,94.71,96.33,97.26,98.89,99.67,100.0,100.0,100.0,Y,N,registrySinglePerformanceRate
Non-Muscle Invasive Bladder Cancer: Early Surveillance Cystoscopy for Non-Muscle Invasive Bladder Cancer,AQUA18,QCDR Measure,Process,16.118196579792933,29.39,No,No,3.85,8.33,15.38,18.92,24.16,28.95,31.85,37.33,39.13,52.17,70.27,N,N,registrySinglePerformanceRate
Hospital admissions or infectious complications within 30 days of prostate biopsy,AQUA8,QCDR Measure,Outcome,5.391205656241273,3.44,No,No,0.0,0.0,0.47,0.96,1.27,1.55,1.96,2.8,4.41,10.85,34.43,Y,Y,registrySinglePerformanceRate
Functional Status Change for Patients with Vestibular Dysfunction,HM7,QCDR Measure,Outcome,25.594517109107315,58.11,No,No,7.41,21.49,34.19,43.13,50.0,60.82,70.0,78.13,83.33,89.19,94.64,Y,N,registryMultiPerformanceRate
Acute Anterior Uveitis: Post-treatment Grade 0 anterior chamber cells,IRIS17,QCDR Measure,Outcome,11.30238258711541,73.16,No,No,47.06,60.0,61.76,65.62,70.27,74.11,76.6,80.0,84.21,86.67,100.0,Y,N,registrySinglePerformanceRate
Refractive Surgery: Patients with a postoperative uncorrected visual acuity (UCVA) of 20/20 or better within 30 days,IRIS23,QCDR Measure,Outcome,22.959417984221073,78.71,No,No,10.14,49.23,65.42,71.88,78.79,86.97,90.91,92.46,100.0,100.0,100.0,Y,N,registrySinglePerformanceRate
Diabetic Macular Edema - Loss of Visual Acuity,IRIS13,QCDR Measure,Outcome,3.043618845751082,98.36,Yes,No,87.18,94.23,97.35,98.92,99.475,99.74,100.0,100.0,100.0,100.0,100.0,Y,N,registrySinglePerformanceRate
Glaucoma – Intraocular Pressure Reduction,IRIS2,QCDR Measure,Intermediate Outcome,17.171683559891502,80.02,No,No,22.22,57.77,68.09,73.6,80.01,85.32,89.37,91.87,93.97,96.12,100.0,Y,N,registrySinglePerformanceRate
"Failure to Progress (FTP): Proportion of patients not achieving a Minimal Clinically Important Difference (MCID) to indicate functional improvement in rehabilitation of patients with hip, leg or ankle injuries using the validated Lower Extremity Function Scale (LEFS) score, or equivalent instrument which has undergone peer reviewed published validation and demonstrates a peer reviewed published MCID.",IROMS13,QCDR Measure,Patient-Reported Outcome-Based Performance Measure (PRO-PM),9.619089475572235,46.35,No,No,27.62,34.94,38.46,40.91,43.535,46.11,48.075,50.98,54.03,57.455,76.19,Y,Y,registryMultiPerformanceRate
Failure to Progress (FTP): Proportion of patients failing to achieve a Minimal Clinically Important Difference (MCID) to indicate functional improvement in rehabilitation patients with low back pain measured via the validated Modified Low Back Pain Disability Questionnaire (MDQ) score.,IROMS17,QCDR Measure,Patient-Reported Outcome-Based Performance Measure (PRO-PM),9.90572694369225,45.18,No,No,20.92,33.33,36.87,40.0,42.86,45.41,47.62,50.0,52.85,57.78,67.74,Y,Y,registryMultiPerformanceRate
Regaining Vision After Cataract Surgery,IRIS59,QCDR Measure,Outcome,20.801283041348917,49.50,No,No,6.2868,21.4286,29.6252,37.2383,43.9423,51.6239,57.1429,62.5219,67.6471,74.3842,97.0822,Y,N,registryMultiPerformanceRate
Improved Visual Acuity after Vitrectomy for Complications of Diabetic Retinopathy within 120 Days,IRIS58,QCDR Measure,Outcome,12.047235010730462,77.35,No,No,45.45,61.3,63.33,71.01,78.26,78.985,81.82,82.86,88.0,91.55,100.0,Y,N,registrySinglePerformanceRate
"Failure to Progress (FTP): Proportion of patients failing to achieve a Minimal Clinically Important Difference (MCID) in improvement in pain score, measured via the Numeric Pain Rating Scale (NPRS), in rehabilitation patients with neck pain/injury.",IROMS16,QCDR Measure,Patient-Reported Outcome-Based Performance Measure (PRO-PM),9.596279499136328,45.41,No,No,20.44,32.53,39.02,42.19,44.05,45.745,48.04,50.0,52.83,56.25,66.67,Y,Y,registryMultiPerformanceRate
"Failure to Progress (FTP): Proportion of patients failing to achieve a Minimal Clinically Important Difference (MCID) in improvement in pain score, measured via the Numeric Pain Rating Scale (NPRS), in rehabilitation patients with knee injury pain.",IROMS12,QCDR Measure,Patient-Reported Outcome-Based Performance Measure (PRO-PM),6.4886518207373864,50.12,No,No,34.48,41.94,44.44,46.43,48.17,50.0,51.61,53.66,56.0,59.09,63.33,Y,Y,registryMultiPerformanceRate
"Failure to Progress (FTP): Proportion of patients failing to achieve a Minimal Clinically Important Difference (MCID) to indicate functional improvement in knee rehabilitation of patients with knee injury measured via their validated Knee Outcome Survey (KOS) score, or equivalent instrument which has undergone peer reviewed published validation and demonstrates a peer reviewed published MCID.",IROMS11,QCDR Measure,Patient-Reported Outcome-Based Performance Measure (PRO-PM),6.575514984131651,47.05,No,No,32.81,38.46,41.46,43.24,45.16,46.55,48.41,50.5,53.06,55.88,60.0,Y,Y,registryMultiPerformanceRate
"Failure to Progress (FTP): Proportion of patients failing to achieve a Minimal Clinically Important Difference (MCID) in improvement in pain score, measured via the Numeric Pain Rating Scale (NPRS), in rehabilitation patients with hip, leg or ankle (lower extremity except knee) injury.",IROMS14,QCDR Measure,Patient-Reported Outcome-Based Performance Measure (PRO-PM),7.347487077461363,46.29,No,No,27.16,37.27,40.91,42.86,45.05,46.67,48.305,50.0,52.63,55.0,60.71,Y,Y,registryMultiPerformanceRate
"Failure to Progress (FTP): Proportion of patients failing to achieve a Minimal Clinically Important Difference (MCID) in improvement in pain score, measured via the Numeric Pain Rating Scale (NPRS), in rehabilitation patients with low back pain.",IROMS18,QCDR Measure,Patient-Reported Outcome-Based Performance Measure (PRO-PM),8.689630450525149,46.13,No,No,19.01,35.29,40.0,42.86,45.0,46.67,48.57,50.0,52.94,57.14,61.11,Y,Y,registryMultiPerformanceRate
Failure to Progress (FTP): Proportion of patients failing to achieve a Minimal Clinically Important Difference (MCID) to indicate functional improvement in rehabilitation of patients with neck pain/injury measured via the validated Neck Disability Index (NDI).,KEET01,QCDR Measure,Patient-Reported Outcome-Based Performance Measure (PRO-PM),10.31957960142409,40.70,No,No,15.69,28.17,31.67,33.82,36.81,40.0,43.33,46.61,50.0,55.0,61.9,Y,Y,registryMultiPerformanceRate
"Failure to Progress (FTP): Proportion of patients failing to achieve a Minimal Clinically Important Difference (MCID) in improvement in pain score, measured via the Numeric Pain Rating Scale (NPRS), in rehabilitation patients with arm, shoulder, or hand injury.",IROMS20,QCDR Measure,Patient-Reported Outcome-Based Performance Measure (PRO-PM),7.160463093325792,46.14,No,No,23.71,38.71,41.1,43.26,44.74,45.83,47.46,50.0,51.85,55.17,60.87,Y,Y,registryMultiPerformanceRate
"Failure to Progress (FTP): Proportion of patients failing to achieve a Minimal Clinically Important Difference (MCID) to indicate functional improvement in rehabilitation of patients with arm, shoulder, and hand injury measured via the validated Disability of Arm Shoulder and Hand (DASH) score, Quick Disability of Arm Shoulder and Hand (QDASH) score, or equivalent instrument which has undergone peer reviewed published validation and demonstrates a peer reviewed published MCID.",IROMS19,QCDR Measure,Patient-Reported Outcome-Based Performance Measure (PRO-PM),10.153838609769645,45.95,No,No,25.93,34.51,38.585,40.91,42.49,44.74,46.32,49.25,52.985,61.0,70.83,Y,Y,registryMultiPerformanceRate
Screening Coronary Calcium Scoring for Cardiovascular Risk Assessment Including Coronary Artery Calcification Regional Distribution Scoring,MSN13,QCDR Measure,Process,18.451391056364656,93.68,Yes,No,18.0,72.73,99.63,100.0,100.0,100.0,100.0,100.0,100.0,100.0,100.0,N,N,registrySinglePerformanceRate
Use of Thyroid Imaging Reporting & Data System (TI-RADS) in Final Report to Stratify Thyroid Nodule Risk,MSN15,QCDR Measure,Process,10.871245437281306,96.28,Yes,Yes,55.39,89.0,99.0,100.0,100.0,100.0,100.0,100.0,100.0,100.0,100.0,Y,N,registrySinglePerformanceRate
Repeat screening or surveillance colonoscopy recommended within one year due to inadequate/poor bowel preparation,NHCR4,QCDR Measure,Process,23.728824017369924,79.26,No,No,9.52,44.5,61.9,73.91,82.61,88.33,95.3,96.15,100.0,100.0,100.0,Y,N,registrySinglePerformanceRate
Hammer Toe Outcome,MEX5,QCDR Measure,Patient-Reported Outcome-Based Performance Measure (PRO-PM),29.906969515746052,23.55,No,No,0.38,1.85,2.8,3.7,5.13,12.28,21.88,25.21,28.15,95.12,97.83,Y,N,registrySinglePerformanceRate
Screening for Osteoporosis for Men Aged 70 Years and Older,UREQA9,QCDR Measure,Process,15.246750637430912,20.80,No,No,0.22,2.6,7.97,11.925,13.81,20.305,23.695,26.995,33.57,34.71,64.71,N,N,registrySinglePerformanceRate
"Adequate Off-loading of Diabetic Foot Ulcers performed at each visit, appropriate to location of ulcer",USWR29,QCDR Measure,Process,21.63423455456432,73.70,No,No,24.35,46.34,59.46,70.27,72.73,77.78,80.56,85.71,93.88,97.14,99.76,N,N,registryMultiPerformanceRate
Adequate Compression at each visit for Patients with Venous Leg Ulcers (VLUs) appropriate to arterial supply,USWR32,QCDR Measure,Intermediate Outcome,24.98523281755382,76.40,No,No,9.81,31.23,68.85,78.785,79.465,82.765,87.095,91.255,94.615,96.275,97.56,Y,N,registryMultiPerformanceRate
Vitamin D level: Effective Control of Low Bone Mass/Osteopenia and Osteoporosis: Therapeutic Level Of 25 OH Vitamin D Level Achieved,UREQA8,QCDR Measure,Outcome,26.305217793394043,45.75,No,No,0.21,6.405,23.29,33.59,38.9,43.335,52.1,64.04,68.195,84.51,86.04,Y,N,registrySinglePerformanceRate
